time,vstup,v√Ωstup
0.0,1.2339725632686473,0.0
0.1001001001001001,1.1938447796222138,0.4469696557510125
0.2002002002002002,1.143459638071043,0.8589814904749575
0.3003003003003003,3.0834642117347215,1.525482082371683
0.4004004004004004,3.0145536634955143,2.4247008737938027
0.5005005005005005,2.9374644244003276,3.2724693137940744
0.6006006006006006,2.8529671553841656,4.092177394731195
0.7007007007007008,2.7618595568444935,4.890096917381995
0.8008008008008008,2.664959091346752,5.666712282766597
0.9009009009009009,2.5630956849065556,6.421268072144567
1.001001001001001,2.457104471874186,7.15264402559067
1.1011011011011012,2.3478186474485327,7.859355041994866
1.2012012012012012,2.2360624902815234,8.53954805133429
1.3013013013013013,2.1226446155169914,9.19117567178723
1.4014014014014016,2.0083515159607908,9.813334603507819
1.5015015015015016,1.893941445927846,10.405622551966573
1.6016016016016017,1.780138698687142,10.967798215854407
1.7017017017017018,1.6676283243616705,11.499781287082627
1.8018018018018018,1.5570513306757099,12.001652450782936
1.9019019019019021,1.449000404118278,12.473653385307436
2.002002002002002,1.3440161839540508,12.91618676222862
2.1021021021021022,1.2425841161094358,13.329816246339373
2.2022022022022023,1.1451319083415608,13.715266495652987
2.3023023023023024,1.0520276023136632,14.073423161403142
2.4024024024024024,0.9635782723048394,14.405332888043912
2.5025025025025025,0.8800293543293612,14.712203313249768
2.6026026026026026,0.8015646034854665,14.995403067915579
2.702702702702703,0.7283066714494498,15.25646177615661
2.802802802802803,0.660318290232649,15.497070055308516
2.902902902902903,0.5976040426783464,15.719040171555644
3.0030030030030033,0.5401126947444852,15.923654594711333
3.1031031031031033,0.4877400594451627,16.112185611256297
3.2032032032032034,0.4403323574560551,16.286026542469358
3.3033033033033035,0.39769003487018073,16.446581281273883
3.4034034034034035,0.359571994460653,16.59526429223779
3.5035035035035036,0.32570019310446463,16.780579741671005
3.6036036036036037,0.2957645547776657,16.969392747098038
3.7037037037037037,-1.7305718542227173,16.96446370769432
3.8038038038038042,-1.7536674434174042,16.68814770575655
3.9039039039039043,-1.7738965669417206,16.190849036646252
4.004004004004004,-1.7916439014618937,15.647546735995645
4.104104104104104,-1.8072987922786377,15.13296062300026
4.2042042042042045,-1.821249626731842,14.610252224231523
4.3043043043043046,-1.8338782935050464,14.079460558681658
4.404404404404405,-1.8455547853584702,13.540468855406859
4.504504504504505,-1.8566320012050888,12.993004553527292
4.604604604604605,-1.8674408013014892,12.440469140468702
4.704704704704705,-1.878285366674218,11.884961836314858
4.804804804804805,-1.8894389107686544,11.317763994877957
4.904904904904905,-1.9011397877201905,10.732959464850573
5.005005005005005,-1.9135880376408432,10.127808746765247
5.105105105105105,-1.9269424049254371,9.502748992994496
5.205205205205205,-1.9413178608515165,8.86139400775081
5.305305305305305,-1.956783656720329,8.21053424708666
5.405405405405406,-1.9733619285090511,7.560136818894481
5.505505505505506,-1.9910268685265116,6.923345482906696
5.605605605605606,-2.0097044739366967,6.316480650695694
5.705705705705706,-2.0292728762887298,5.759039385673836
5.805805805805806,-2.0495632504221275,5.268293105558164
5.9059059059059065,-2.0703612953556028,4.825029977513336
6.0060060060060065,-2.0914092740701395,4.4111484809369
6.106106106106107,-2.112408593515656,4.013546973880322
6.206206206206207,-2.133022900757237,3.621863119664165
6.306306306306307,-2.1528816659823904,3.22847388687809
6.406406406406407,-2.171584218163393,2.8284955493808535
6.506506506506507,-2.1887041945550143,2.4194817280401466
6.606606606606607,-2.2037943609509503,2.0003895689775923
6.706706706706707,-2.216391755762116,1.5709533440117176
6.806806806806807,-2.226023107553598,1.130035198848339
6.906906906906907,-2.232210472716707,0.6916934707980953
7.007007007007007,-0.23447703748666315,0.52924026933442
7.107107107107107,-0.23235302656949974,0.6677359005375685
7.207207207207207,-0.22538165923187947,0.8143252910197702
7.307307307307307,-0.2131250928506332,0.964446316308586
7.407407407407407,-0.19517029362252103,1.1197447713030135
7.507507507507508,-0.17113477440474467,1.2819374885245822
7.6076076076076085,-0.1406721404912885,1.4530075451077282
7.7077077077077085,-0.10347738552357455,1.6351861097756915
7.807807807807809,-0.05929188167478999,1.8304837287469433
7.907907907907909,-0.00790801071971925,2.0412924206126544
8.008008008008009,0.050826614415097365,2.270193299231092
8.108108108108109,0.11700538455876014,2.51973402270822
8.208208208208209,0.1906594286763078,2.7924287933977014
8.308308308308309,0.2717548863949918,3.0907583579008966
8.408408408408409,0.3601907526251193,3.417170007066862
8.508508508508509,0.4557973231590775,3.774077575992352
8.608608608608609,0.558335264772613,4.163861444021821
8.70870870870871,0.6674953277441219,4.588868534747418
8.80880880880881,0.7828987129032671,5.051319250786565
8.90890890890891,0.9040980993692112,5.552198571205539
9.00900900900901,1.030579333096259,6.092638141231326
9.10910910910911,1.1617637702644084,6.671196752225775
9.20920920920921,1.2970112634890456,7.283078387740247
9.30930930930931,1.4356237728332921,7.920132223515607
9.40940940940941,1.5768495777416798,8.57085262748223
9.50950950950951,1.7198880603292892,9.220330130590801
9.60960960960961,1.8638950250074733,9.856788966953038
9.70970970970971,2.0079885142559624,10.486923245103736
9.80980980980981,2.1512550755092272,11.120573865804632
9.90990990990991,2.292756429656957,11.767302025847743
10.01001001001001,2.431536487606224,12.436389218055357
10.11011011011011,2.5666286577539603,13.13683723128004
10.21021021021021,2.697063384107212,13.868157176123455
10.31031031031031,0.8218758521943559,14.309047050457774
10.41041041041041,0.9401137978591543,14.52022077260261
10.51051051051051,1.0508453525407149,14.716194383079072
10.61061061061061,1.1531668577322622,14.994900028020911
10.710710710710712,1.2462105809904442,15.337685959174506
10.810810810810812,1.3291522661394584,15.688844637271556
10.910910910910912,1.4012184511812011,16.06642374937765
11.011011011011012,1.4616934888781477,16.467955501611332
11.111111111111112,1.5099262070092778,16.89014388605432
11.211211211211213,1.5453361478956773,17.32889084787956
11.311311311311313,1.567419329930532,17.78016947962621
11.411411411411413,1.575753477502472,18.24012500150979
11.511511511511513,1.5700026698419225,18.704267755361293
11.611611611611613,1.5499213639122962,19.168099363358863
11.711711711711713,1.5153577514731382,19.62711279675298
11.811811811811813,1.4662564158185623,20.076792375866475
11.911911911911913,1.4026602593955637,20.512613770094536
12.012012012012013,1.324711679484659,20.930043997904683
12.112112112112113,1.2326529753284592,21.32454142683679
12.212212212212213,1.1268259764691568,21.691555773503083
12.312312312312313,1.0076708885484442,22.02662327097909
12.412412412412413,0.8757243593770877,22.32560695894807
12.512512512512513,0.7316167746398722,22.58442304978445
12.612612612612613,0.576068799107199,22.79921150609634
12.712712712712714,0.4098871856223283,22.96634956060899
12.812812812812814,0.23395988036545945,23.08245171616478
12.912912912912914,0.04925045891002133,23.14436974572322
13.013013013013014,-0.1432080666709641,23.149192692360955
13.113113113113114,-0.3423200239695282,23.09425583374253
13.213213213213214,-0.546934388947534,22.977385389975844
13.313313313313314,-0.7558525718124361,22.796642949234357
13.413413413413414,-0.9678366205104136,22.55032910136194
13.513513513513514,-1.181617778590906,22.237074324580647
13.613613613613614,-1.395905331027674,21.940146805902
13.713713713713714,0.390604331035031,21.87813252118189
13.813813813813814,0.17921849768244935,21.917425595872142
13.913913913913914,-0.028761147706087398,21.947453897075487
14.014014014014014,-0.23204781837202682,21.913917371157144
14.114114114114114,-0.4293788424927254,21.813914992337907
14.214214214214214,-0.6195247367138326,21.653457806653567
14.314314314314315,-0.8012980627282433,21.43441469466471
14.414414414414415,-0.9735619963506338,21.158800490728378
14.514514514514515,-1.1352385407525225,20.82877598299808
14.614614614614615,-1.285316318313876,20.446647913423806
14.714714714714715,-1.4228578788928774,20.01443990273783
14.814814814814815,-1.5470064661855152,19.51409743179769
14.914914914914915,-1.6569921882090668,18.957715180627606
15.015015015015017,-1.7521375427618042,18.37336709476562
15.115115115115117,-1.8318622539433471,17.784511803002108
15.215215215215217,-1.89568738142275,17.209992617379726
15.315315315315317,-1.9432386700654911,16.664037533193444
15.415415415415417,-1.974249113727048,16.156259228990532
15.515515515515517,-1.988560713435171,15.69165506657057
15.615615615615617,-1.986125416761992,15.270607090985441
15.715715715715717,-1.9670052318734692,14.888882030539332
15.815815815815817,-1.931371516480831,14.537631296788735
15.915915915915917,-1.8795034486489688,14.203390984542445
16.016016016016017,-1.8117856930825296,13.88536140778878
16.116116116116117,-1.728705283055236,13.599196584187073
16.216216216216218,-1.630847744515501,13.344006393450428
16.316316316316318,-1.5188924950378788,13.120706489273871
16.416416416416418,-1.3936075561429053,12.93220575345409
16.516516516516518,-1.2558436230276255,12.782031839809363
16.616616616616618,-1.1065275408891466,12.673217634361917
16.716716716716718,-0.9466552417401589,12.609055857609949
16.816816816816818,-0.777284199868843,12.592790350157266
16.916916916916918,-0.5995254678504299,12.601571745535997
17.017017017017018,-2.4145353582424938,12.271903109974753
17.117117117117118,-2.22350683876377,11.76291134254164
17.217217217217218,-2.02766071084625,11.301799652740701
17.31731731731732,-1.828236642943697,10.952017288991257
17.41741741741742,-1.626484130867742,10.650359901098417
17.51751751751752,-1.4236534576960271,10.401813815174561
17.61761761761762,-1.2209867254571918,10.210855982346338
17.71771771771772,-1.0197090298475118,10.077969608304333
17.81781781781782,-0.8210198476836585,10.003111646742745
17.91791791791792,-0.6260847046615605,9.986277687103065
18.01801801801802,-0.4360271882901849,10.02669941890419
18.11811811811812,-0.2519213676287636,10.122952044658176
18.21821821821822,-0.07478467770395276,10.273423548175742
18.31831831831832,0.09442867774533259,10.476314694566266
18.41841841841842,0.2548337562152009,10.729639030237784
18.51851851851852,0.40562029516157616,11.031222882896994
18.61861861861862,0.5460574810043979,11.378705361549251
18.71871871871872,0.6754980356351543,11.769538356498572
18.81881881881882,0.7933815936257882,12.200986539347628
18.91891891891892,0.8992373495126231,12.670127362997757
19.01901901901902,0.9926859608504361,13.173851061648952
19.11911911911912,1.0734406991438812,13.708860650799862
19.21921921921922,1.141307847210588,14.271634192646077
19.31931931931932,1.1961863479544546,14.858587399836546
19.41941941941942,1.2380667158752074,15.466393050777693
19.51951951951952,1.2670292288533895,16.090209227897283
19.61961961961962,1.2832414237769294,16.723438180439473
19.71971971971972,1.2869549253629584,17.35772632446482
19.81981981981982,1.2785016430264082,17.982964242850265
19.91991991991992,1.258289375809821,18.587286685289147
20.02002002002002,1.226796870169803,19.156888702907
20.12012012012012,1.1845683797768978,19.61814703475661
20.22022022022022,1.1322077803884687,20.1080787558465
20.32032032032032,3.0703722962667963,20.78432326976706
20.42042042042042,2.999765897508829,21.64881552355412
20.52052052052052,2.921132430005695,22.54810915785978
20.62062062062062,2.8352485415415702,23.36723336549042
20.72072072072072,2.7429164687580876,24.15482161863024
20.82082082082082,2.644956750344612,24.916973299507173
20.92092092092092,2.5422009318625216,25.65634968008921
21.02102102102102,2.435484327075443,26.372209472883636
21.12112112112112,2.3256388995443236,27.06283943432183
21.22122122122122,2.213486326568499,27.727084188689446
21.32132132132132,2.099831305328775,28.363681792195734
21.421421421421424,1.9854551583386695,28.971625666322684
21.521521521521525,1.8711097920613569,29.55016459782494
21.621621621621625,1.7575120588344113,30.098802738729916
21.721721721721725,1.6453385680972787,30.61729960633773
21.821821821821825,1.5352209883764818,31.105670083221227
21.921921921921925,1.4277418765934633,31.564184417225942
22.022022022022025,1.323431066065329,31.993368221470146
22.122122122122125,1.2227626391180046,32.39398315271551
22.222222222222225,1.1261525045739624,32.76673453146267
22.322322322322325,1.0339565945662759,33.11272927819068
22.422422422422425,0.9464696892191793,33.43324242329533
22.522522522522525,0.8639248717776392,33.729577461663965
22.622622622622625,0.7864936108194038,34.00306635267542
22.722722722722725,0.7142864602952966,34.255069520200074
22.822822822822825,0.6473543623731872,34.486975852599834
22.922922922922925,0.5856905324579695,34.700202702728134
23.023023023023026,0.5292329003766254,34.89619588792991
23.123123123123126,0.4778670766019292,35.07642969004167
23.223223223223226,0.4314298075871217,35.25107597425877
23.323323323323326,0.38971287983934544,35.485477331238876
23.423423423423426,0.3524674283128477,35.69548414518421
23.523523523523526,0.3194086010896649,35.789926567559604
23.623623623623626,-1.7097794708330656,35.714424082785165
23.723723723723726,-1.7354384524838111,35.45138550823634
23.823823823823826,-1.7579303885579538,35.02000899424386
23.923923923923926,-1.7776321493342668,34.47628202409377
24.024024024024026,-1.7949297974935563,33.91298141402743
24.124124124124126,-1.8102129349618856,33.385646730889995
24.224224224224226,-1.8238690888335873,32.84960272884391
24.324324324324326,-1.836278194803028,32.30414763526144
24.424424424424426,-1.8478072353542236,31.748954822310516
24.524524524524526,-1.8588050882357314,31.183602644737686
24.624624624624627,-1.869597638502483,30.607574439868053
24.724724724724727,-1.880483204656151,30.02025852760532
24.824824824824827,-1.8917283261888342,29.41976430111598
24.924924924924927,-1.903563956161139,28.787885854713746
25.025025025025027,-1.9161820983590725,28.140273255630383
25.125125125125127,-1.9297329241138959,27.500876171027777
25.225225225225227,-1.9443223990760359,26.888115880902625
25.325325325325327,-1.960010445153447,26.3148852780864
25.425425425425427,-1.9768096575033884,25.78854886824539
25.525525525525527,-1.9946845909547353,25.310942769880654
25.625625625625627,-2.0135516245860043,24.87837471432806
25.725725725725727,-2.033279407445705,24.48162404575826
25.825825825825827,-2.0536898826292056,24.105941721176706
25.925925925925927,-2.074559881174155,23.731169073491216
26.026026026026027,-2.095623271557886,23.35133568315192
26.126126126126128,-2.1165736450284083,22.968725520278497
26.226226226226228,-2.1370675116269635,22.5792182465661
26.326326326326328,-2.15672797661521,22.179961981561732
26.426426426426428,-2.1751488621518407,21.76937330266424
26.526526526526528,-2.1918992345176713,21.34713724512432
26.626626626626628,-2.2065282930074788,20.913802732726023
26.726726726726728,-2.2185705728307514,20.469807240095776
26.826826826826828,-2.227551411027758,20.016105651822826
26.926926926926928,-2.2329926215437035,19.57923587057277
27.027027027027028,-0.23441832324024436,19.497285918880465
27.127127127127128,-0.23136086278201595,19.61541507842059
27.227227227227228,-0.22336677303637098,19.749287222626386
27.32732732732733,-0.21000270687836453,19.88589320717003
27.42742742742743,-0.1908612861104303,20.03010085185781
27.52752752752753,-0.1655668055890689,20.18160139630987
27.62762762762763,-0.13378073359789333,20.342478769630596
27.72772772772773,-0.09520695101019627,20.51471262653271
27.82782782782783,-0.04959667383328409,20.700198228480215
27.92792792792793,0.0032469936974224844,20.901186265566743
28.02802802802803,0.0634649252239082,21.120310140898653
28.12812812812813,0.1311383037593894,21.360181618767456
28.22822822822823,0.2062854607499237,21.623373806883308
28.32832832832833,0.28885926046119825,21.912421156375025
28.42842842842843,0.37874506265179936,22.22981946179009
28.52852852852853,0.47575929136707484,22.578025861094623
28.62862862862863,0.579648632273838,22.959458835673416
28.72872872872873,0.6900898753053989,23.376498210329917
28.82882882882883,0.8066904135476471,23.831485153286224
28.92892892892893,0.9289894033236843,24.32672217618309
29.02902902902903,1.0564595843800966,24.864473134079933
29.12912912912913,1.1885097529964328,25.446239302244848
29.22922922922923,1.324487874786641,26.072095920326767
29.32932932932933,1.4636848179910131,26.74051002805235
29.42942942942943,1.605338682224358,27.445286114153586
29.52952952952953,1.7486396920038048,28.175464357119086
29.62962962962963,1.8927356189790312,28.915320625194074
29.72972972972973,2.0367376916783866,29.64466719608483
29.82982982982983,2.179726946814028,30.354447618804233
29.929929929929934,2.3207609718008495,31.054037917015076
30.030030030030034,2.458880984179574,31.7559121660426
30.130130130130134,2.593119190130451,32.475348178596015
30.230230230230234,2.7225063612538483,33.2036787337995
30.330330330330334,0.8460795663065519,33.68932014985964
30.430430430430434,0.9628899926422547,33.91935122078153
30.530530530530534,1.0720107907306824,34.17593604335136
30.630630630630634,1.1725448743365936,34.46682083099061
30.730730730730734,1.2636326087372651,34.78823408493852
30.830830830830834,1.3444593197488135,35.13763564637234
30.930930930930934,1.4142625573167118,35.51267829394322
31.031031031031034,1.4723390489981263,35.91062908280273
31.131131131131134,1.5180512808113114,36.32800037368129
31.231231231231234,1.550833645633631,36.76110209640305
31.331331331331334,1.5701981025733882,37.20607984989879
31.431431431431434,1.5757392944947384,37.65891490220587
31.531531531531535,1.56713907510877,38.115424190468275
31.631631631631635,1.5441704017219262,38.571260320936574
31.731731731731735,1.5067005548158936,39.02191156896795
31.831831831831835,1.4546936510780606,39.462940902316575
31.931931931931935,1.388212422262035,39.89001922099891
32.032032032032035,1.3074192382852243,40.298091967056244
32.132132132132135,1.2125763592118184,40.682284052295046
32.232232232232235,1.1040454071733157,41.0379480737601
32.332332332332335,0.982286055787653,41.360664313734475
32.432432432432435,0.8478539411972971,41.64624073973955
32.532532532532535,0.7013978053990944,41.890713004535
32.632632632632635,0.5436558890274389,42.090344446118806
32.732732732732735,0.37545159712076337,42.24162608772725
32.832832832832835,0.19768846759489966,42.341276637834916
32.932932932932935,0.011344478110299094,42.38624249015468
33.033033033033036,-0.18253426729737704,42.373697723637726
33.133133133133136,-0.38284042510305355,42.30104410247354
33.233233233233236,-0.5884128210014502,42.16591107608991
33.333333333333336,-0.7980443241959908,41.96076668926748
33.433433433433436,-1.010490126935106,41.61097613643898
33.533533533533536,-1.224476365373126,41.26766433889137
33.633633633633636,0.5612909852274816,41.07336440913054
33.733733733733736,0.3481170104384832,41.06191834323055
33.833833833833836,0.13730862316168535,41.158477020833665
33.933933933933936,-0.06983473058686285,41.19133162537154
34.034034034034036,-0.27203035315442137,41.13358837188683
34.134134134134136,-0.46802149044113583,41.01394934583266
34.234234234234236,-0.6565863677723089,40.833587491074596
34.334334334334336,-0.8365469945580366,40.59417592081378
34.434434434434436,-1.0067776675856241,40.297887917586905
34.53453453453454,-1.1662131051221212,39.95012070119063
34.63463463463464,-1.3138561469089858,39.551549546816055
34.73473473473474,-1.4487849585833497,39.10080582176068
34.83483483483484,-1.570159683031793,38.6007427119475
34.93493493493494,-1.6772284856391635,38.05843522192648
35.03503503503504,-1.7693329452993911,37.485180174874614
35.13513513513514,-1.8459127483651905,36.89649621259588
35.23523523523524,-1.9065096483842905,36.31212379552125
35.33533533533534,-1.9507706604527288,35.756025202708734
35.43543543543544,-1.9784504652598365,35.2531040858206
35.53553553553554,-1.9894130043516356,34.80224049678683
35.63563563563564,-1.983632254744176,34.39330376673551
35.73573573573574,-1.9611921777195875,34.018625083132065
35.83583583583584,-1.9222858433779137,33.67248970068232
35.93593593593594,-1.8672137392398516,33.35113694133248
36.03603603603604,-1.7963812778415946,33.05276019426914
36.13613613613614,-1.7102955247767109,32.77750691591928
36.23623623623624,-1.6095611749656906,32.52747862995029
36.33633633633634,-1.4948758110175233,32.3082624605012
36.43643643643644,-1.3670244833380336,32.1661662564413
36.53653653653654,-1.2268736570871641,32.090727971724384
36.63663663663664,-1.075364576145998,32.04645841972359
36.73673673673674,-0.9135060988813724,32.00461309663287
36.83683683683684,-0.7423670646525613,31.94319218146696
36.93693693693694,-0.5630682536554561,31.846940536061393
37.03703703703704,-2.3767740058152533,31.7073477050725
37.13713713713714,-2.1846835669923546,31.522647915977416
37.23723723723724,-1.9880222327377692,31.297820079074064
37.33733733733734,-1.788032361207954,31.044587787481163
37.43743743743744,-1.5859643276137354,30.781419317138237
37.53753753753754,-1.383067492729166,30.533527626805594
37.63763763763764,-1.1805812575234553,30.332870358064344
37.73773773773774,-0.9797262749084634,30.209413797341305
37.83783783783784,-0.7816958879255592,30.148042880243292
37.93793793793794,-0.5876478614459912,30.144299230607675
38.03803803803804,-0.3986964716480448,30.19713078999414
38.13813813813814,-0.21590501418879512,30.305266044636987
38.23823823823824,-0.04027878813823099,30.46721402544515
38.33833833833834,0.12724139157604122,30.681264308002174
38.43843843843844,0.2857851052162509,30.94548701256624
38.53853853853854,0.43455761991584063,31.257732804070145
38.63863863863864,0.5728445246186745,31.6156328921213
38.73873873873874,0.7000156766759023,32.01659903100176
38.83883883883884,0.8155284345194335,32.45782351966818
38.93893893893894,0.9189301570400602,32.93627920175186
39.03903903903904,1.0098599566422106,33.4487194655587
39.13913913913914,1.0880496993711775,33.99159291811216
39.23923923923924,1.1533242519553477,34.56164399396036
39.33933933933934,1.2056009820196154,35.15561151421589
39.43943943943944,1.2448885240508942,35.768948975518626
39.53953953953954,1.271284829877303,36.39578534141753
39.63963963963964,1.284974528404989,37.02892504237066
39.73973973973974,1.2862256250908723,37.65984712957761
39.83983983983984,1.275385577063632,38.27718457724016
39.93993993993994,1.2528767848952265,38.86588592313767
40.04004004004004,1.219191546725893,39.41391232816717
40.14014014014014,1.1748865247173843,39.91338275526208
40.24024024024024,1.1205767776168218,40.354269218832826
40.34034034034034,3.0569294165246794,41.041120049255206
40.44044044044044,2.9846569437474724,41.948198165406524
40.54054054054054,2.90451033685712,42.795613503886635
40.64064064064064,2.8172719417561503,43.60632294030906
40.74074074074074,2.723748239648425,44.38917788325882
40.84084084084084,2.6247625533323857,45.148693347120606
40.94094094094094,2.5211477581641133,45.88481688497862
41.04104104104104,2.413739062385471,46.59649997328663
41.14114114114114,2.303366920285365,47.28268160231176
41.24124124124124,2.190850139873285,47.942288276134434
41.34134134134134,2.0769892444125335,48.574234012648425
41.44144144144144,1.9625601443083545,49.177420343560804
41.54154154154154,1.848308172501796,49.750791935281214
41.64164164164164,1.7349425327152983,50.293922247969604
41.74174174174174,1.6231312056670428,50.80687680878659
41.84184184184184,1.5134963537576267,51.28987576304284
41.94194194194194,1.4066102597779107,51.74328899807611
42.04204204204204,1.3029918299370702,52.16763614325126
42.14214214214214,1.203103686013736,52.56358656996023
42.24224224224224,1.1073498657409453,52.93195939162206
42.34234234234234,1.0160741447005996,53.27372346368289
42.44244244244244,0.9295589870780377,53.58999738361596
42.54254254254254,0.8480251266670779,53.882049490921574
42.64264264264264,0.7716317735746991,54.15129786712717
42.74274274274275,0.7004774362061154,54.39931033578728
42.84284284284285,0.6346013423699474,54.62776492480734
42.94294294294295,0.5739854377798047,54.83793796933932
43.04304304304305,0.5185569348957155,55.03124942839598
43.14314314314315,0.4681913799919401,55.20916721115689
43.24324324324325,0.422716201604557,55.373087685859765
43.34334334334335,0.3819146991444035,55.52433567980044
43.44344344344345,0.34553042649813936,55.66089815841745
43.54354354354355,0.3132719219167715,55.72365874717289
43.64364364364365,-1.71518226755975,55.63413559943915
43.74374374374375,-1.7401783214465203,55.361904248973765
43.84384384384385,-1.7620816972624695,54.926565037062524
43.94394394394395,-1.7812715559130976,54.39774311251947
44.04404404404405,-1.7981351197783058,53.87265367470205
44.14414414414415,-1.8130620226592384,53.34448314231926
44.24424424424425,-1.8264387105584858,52.80713284223353
44.34434434434435,-1.8386429515309466,52.26044063863473
44.44444444444445,-1.8500385115527043,51.70408077375519
44.54454454454455,-1.8609700515276666,51.13756386786957
44.64464464464465,-1.87175829820316,50.56023691929496
44.74474474474475,-1.8826955389179136,49.95910252728957
44.84484484484485,-1.8940414867871995,49.333560218536206
44.94494494494495,-1.906019559170716,48.702150346538104
45.04504504504505,-1.9188136081041771,48.08012446280242
45.14514514514515,-1.9325651368454477,47.47942761786537
45.24524524524525,-1.9473710318316768,46.90869836129231
45.34534534534535,-1.9632818342111134,46.37326874167765
45.44544544544545,-1.980300569750048,45.875164306644905
45.54554554554555,-1.99838215037094,45.41310410284669
45.64564564564565,-2.017433354904576,44.982500675964694
45.74574574574575,-2.0373133908892807,44.5754600707097
45.84584584584585,-2.0578350334776374,44.18087251000598
45.94594594594595,-2.078766331769456,43.793831803319385
46.04604604604605,-2.0998328672322137,43.41125868219652
46.14614614614615,-2.120720543349954,43.02733884415656
46.24624624624625,-2.141078880309803,42.63750346781324
46.34634634634635,-2.1605247834418035,42.238429212874834
46.44644644644645,-2.178646749320674,41.82803822014418
46.54654654654655,-2.1950094689616435,41.40549811151866
46.64664664664665,-2.2091587834399893,40.97122198999022
46.74674674674675,-2.2206269435729924,40.51853003678532
46.84684684684685,-2.2289381220591165,39.981790014865894
46.94694694694695,-2.233614123704002,39.54755749071085
47.04704704704705,-0.23418023710139257,39.35965266544939
47.14714714714715,-0.23017116940311544,39.42354552172033
47.24724724724725,-0.22113700462257946,39.60635582367211
47.34734734734735,-0.20664912528175483,39.747072679763704
47.44744744744745,-0.18630603714274985,39.89120043136219
47.54754754754755,-0.1597390372604055,40.04271064846503
47.64764764764765,-0.1266176666519413,40.20358716804983
47.74774774774775,-0.08665489049360797,40.37609985586168
47.84784784784785,-0.039611950909979765,40.56244319559279
47.94794794794795,0.014697159899106305,40.76478871618198
48.04804804804805,0.07640165526875903,40.98577622829308
48.14814814814815,0.14557038383779064,41.2280100369729
48.24824824824825,0.22220877480319032,41.494055173755946
48.34834834834835,0.3062563354867527,41.7864373966644
48.44844844844845,0.39758473317528037,42.107643190208115
48.54854854854855,0.49599648800667795,42.46011976538464
48.64864864864865,0.6012242982096457,42.84627505967918
48.74874874874875,0.7129310133119825,43.268477737064636
48.84884884884885,0.8307102650626477,43.72905718800158
48.94894894894895,0.9540877598191037,44.23030352943827
49.04904904904905,1.0825232300869525,44.77446760481063
49.14914914914915,1.2154130368188958,45.36328353723496
49.24924924924925,1.3520934080393348,45.99659979886658
49.34934934934935,1.4918442934138838,46.672866361408914
49.44944944944945,1.6338938085843062,47.38633196386587
49.54954954954955,1.777423237490954,48.1268229828906
49.64964964964965,1.921572555558889,48.879743432785496
49.74974974974975,2.0654464315785726,49.62607496550215
49.84984984984985,2.208120661414579,50.370058071667906
49.94994994994995,2.348648982369136,51.13412900886763
50.050050050050054,2.486070213152043,51.83203497479744
50.150150150150154,2.6194156610009194,52.40667887810874
50.250250250250254,2.747716734587959,52.83928979214986
50.350350350350354,0.8700126989693844,53.14942295496601
50.450450450450454,0.9853585070055827,53.39495976929931
50.550550550550554,1.092832640420736,53.6561760625738
50.650650650650654,1.191544892995195,53.94943526104761
50.750750750750754,1.2806440283001643,54.27182231228059
50.850850850850854,1.3593252448944884,54.62094993853774
50.950950950950954,1.426837383006807,54.99422323475189
51.051051051051054,1.4824898084146074,55.38883966852374
51.151151151151154,1.5256589114926085,55.80178908012178
51.251251251251254,1.5557941622185376,56.22987451202192
51.351351351351354,1.5724236652725119,56.669921910955686
51.451451451451454,1.575159163218506,57.11750742961112
51.551551551551555,1.56370044008258,57.567870983813265
51.651651651651655,1.5378390824043993,58.01631916244716
51.751751751751755,1.4974615599975074,58.45822522745789
51.851851851851855,1.4425515941661538,58.88902911385052
51.951951951951955,1.3731917869436716,59.304237429690176
52.052052052052055,1.2895644909923383,59.69942345610198
52.152152152152155,1.1919519060825805,60.07022714727108
52.252252252252255,1.08073539449879,60.41235513044265
52.352352352352355,0.9563940142425031,60.72158070592185
52.452452452452455,0.8195022754660394,60.9937438470739
52.552552552552555,0.6707271321143423,61.224751200324015
52.652652652652655,0.5108242272212241,61.410576085157444
52.752752752752755,0.34063341664490576,61.54725849411943
52.852852852852855,0.16107360217902023,61.631038098367824
52.952952952952955,-0.026863089113433825,61.65921875896264
53.053053053053056,-0.22211773687514952,61.62912582869392
53.153153153153156,-0.4235716229925072,61.53821010248085
53.253253253253256,-0.6300537380578508,61.38414256070776
53.353353353353356,-0.8403487416568606,61.164814369224125
53.453453453453456,-1.0532053153892695,60.818405666056556
53.553553553553556,-1.2673448440449337,60.435544859375675
53.653653653653656,0.5185296425938958,60.226004518491884
53.753753753753756,0.30572433724184656,60.23184771130598
53.853853853853856,0.09554540361331676,60.3246707336962
53.953953953953956,-0.11071032113365675,60.31169839388971
54.054054054054056,-0.3117645964936385,60.231800261655835
54.154154154154156,-0.5063669477548038,60.08977254146089
54.254254254254256,-0.6933036613331962,59.8869633923138
54.354354354354356,-0.871406534705168,59.6254063862616
54.454454454454456,-1.039561311202665,59.30963420168614
54.55455455455456,-1.1967157323849495,58.93936436877527
54.65465465465466,-1.3418871437160425,58.51502187423394
54.75475475475476,-1.4741695928360612,58.041126689911756
54.85485485485486,-1.592740363786369,57.52629377280305
54.95495495495496,-1.6968658950969688,56.983233065046846
55.05505505505506,-1.785907034634467,56.42874949392685
55.15515515515516,-1.8593235894939466,55.88374297187149
55.25525525525526,-1.9166781349558275,55.372939281078466
55.35535535535536,-1.9576390525676763,54.90926640213888
55.45545545545546,-1.9819827737012283,54.48462422539241
55.55555555555556,-1.9895952114218614,54.09087970489071
55.65565565565566,-1.9804723701363507,53.72176079349613
55.75575575575576,-1.954720129198488,53.37285644288166
55.85585585585586,-1.9125532033933825,53.04161660353099
55.95595595595596,-1.8542932899325881,52.727352224738425
56.05605605605606,-1.7803664182165126,52.43123525460898
56.15615615615616,-1.6912995251008804,52.15617845374414
56.25625625625626,-1.5877162846856632,51.90608184515308
56.35635635635636,-1.4703322276741284,51.68551980936582
56.45645645645646,-1.3399491910749988,51.49879700313595
56.55655655655656,-1.1974491443942743,51.34985099407175
56.65665665665666,-1.0437874434387622,51.27840037092273
56.75675675675676,-0.8799855673891499,51.275333258641425
56.85685685685686,-0.7071233988590864,51.10411877930877
56.95695695695696,-2.526331110202145,50.68657227480204
57.05705705705706,-2.338780722334391,50.13043366586397
57.15715715715716,-2.1456774047786396,49.654297325236364
57.25725725725726,-1.9482505874896758,49.2408311424532
57.35735735735736,-1.7477449562722782,48.88257538043552
57.45745745745746,-1.5454114042459612,48.58105599756171
57.55755755755756,-1.3424980118390435,48.33737589378311
57.65765765765766,-1.1402411272090909,48.15300319972418
57.75775775775776,-0.9398566177961942,48.02784998809712
57.85785785785786,-0.7425313619285214,47.96102111572622
57.95795795795796,-0.5494150470366045,47.951427097926484
58.05805805805806,-0.36161233811212523,47.99778410850362
58.15815815815816,-0.18017547659830227,48.098613979754035
58.25825825825826,-0.006097365952559511,48.25224420246483
58.35835835835836,0.1596948042880142,48.456807925913814
58.45845845845846,0.31634534893871735,48.71024395786948
58.55855855855856,0.46307525030933155,49.01029676459105
58.65865865865866,0.599186657813495,49.35451647082841
58.75875875875876,0.7240666936309591,49.74025885982217
58.85885885885886,0.8371905400704716,50.164685373303634
58.95895895895896,0.9381237905205705,50.62476311149481
59.05905905905906,1.02652405224097,51.11726483310839
59.15915915915916,1.1021417956792527,51.63876895534779
59.25925925925926,1.1648204514427425,52.185659553907115
59.35935935935936,1.2144957624558077,52.75412636297116
59.45945945945946,1.2511944051324726,53.340452399657345
59.55955955955956,1.2750318995402303,53.94181309256959
59.65965965965966,1.286209834467296,54.55497182089756
59.75975975975976,1.285012438983859,55.176218201503225
59.85985985985987,1.271802537456728,55.80138608963103
59.95995995995997,1.247016929992208,56.42585357890781
60.06006006006007,1.2111612448999818,57.04453463381381
60.16016016016017,1.1648043139526256,57.65074366210011
60.26026026026027,1.1085721249259215,58.242125407832745
60.36036036036037,3.043141409113563,59.10064603386265
60.46046046046047,2.9692329241896327,60.1355090990773
60.56056056056057,2.8876044949215305,61.1028601947412
60.66066066066067,2.7990438757993674,61.971319959497045
60.76076076076077,2.7043615006316277,62.77016838356102
60.86086086086087,2.6043831845570637,63.52324700864723
60.96096096096097,2.499942843736247,64.24189822296435
61.06106106106107,2.3918752972181463,64.92918070946021
61.16116116116117,2.2810092141364153,65.5873050953997
61.26126126126127,2.1681602674910576,66.21770985888564
61.36136136136137,2.054124553333109,66.82106132885878
61.46146146146147,1.9396723312171937,67.39725368509771
61.56156156156157,1.825542138347526,67.94540895821899
61.66166166166167,1.7124353259502412,68.46396758658328
61.76176176176177,1.6010110620958478,68.95252317977604
61.86186186186187,1.4918818405102499,69.41166671514195
61.96196196196197,1.385609529895402,69.84200157599803
62.06206206206207,1.2827019929773615,70.24421302637543
62.16216216216217,1.1836102989603852,70.61906821101947
62.26226226226227,1.0887265473403045,70.96741615538956
62.36236236236237,0.9983823151735828,71.29018776565924
62.46246246246247,0.9128477339614436,71.5883958287162
62.56256256256257,0.8323311963481294,71.86313501216226
62.66266266266267,0.7569796869010829,72.11558186431336
62.76276276276277,0.6868797253937451,72.34699481419955
62.86286286286287,0.622058905302179,72.55871417156507
62.96296296296297,0.5624880047052888,72.75216212686823
63.06306306306307,0.5080836414969696,72.92884275128151
63.16316316316317,0.45871143982291646,73.09034199669149
63.26326326326327,0.4141896699912379,73.23832769569891
63.36336336336337,0.3742933198166487,73.42706725025828
63.46346346346347,0.33875855147948614,73.63478027775334
63.56356356356357,0.30728749455082,73.73974371829435
63.66366366366367,-1.720446677119892,73.66758615482355
63.76376376376377,-1.7447944394071224,73.39198930891241
63.86386386386387,-1.7661244394802411,72.93468804076156
63.96396396396397,-1.7848179030054871,72.36547034920079
64.06406406406407,-1.801262985870805,71.79895214666237
64.16416416416416,-1.8158491295969967,71.25195563982054
64.26426426426427,-1.8289614793065334,70.69369439786284
64.36436436436436,-1.8409754222729715,70.12357393068989
64.46446446446447,-1.8522513036756139,69.54152047918969
64.56456456456456,-1.8631293742504549,68.94798101523831
64.66466466466467,-1.8739250220777708,68.34392324169923
64.76476476476476,-1.8849243378034923,67.73025870241219
64.86486486486487,-1.8963800591808555,67.10603034608448
64.96496496496496,-1.9085079369764375,66.49395721633248
65.06506506506507,-1.9214835600436895,65.91595181071793
65.16516516516516,-1.9354396727679526,65.38555921638718
65.26526526526527,-1.9504640131741096,64.90795711007044
65.36536536536536,-1.9665976948045132,64.4799557580825
65.46546546546547,-1.9838341500717047,64.08999801632206
65.56556556556556,-2.002118647215947,63.718477496029834
65.66566566566567,-2.0213483873048874,63.35337373688233
65.76576576576576,-2.04137318195394,62.9905319433784
65.86586586586587,-2.0619967066753833,62.62466542545478
65.96596596596596,-2.082978319034812,62.251632744487644
66.06606606606607,-2.1040354251597253,61.86843771329221
66.16616616616616,-2.124846372657902,61.47322939612312
66.26626626626627,-2.1450538427155466,61.065302108674075
66.36636636636636,-2.1642687091051815,60.64508345157418
66.46646646646647,-2.182074327088468,60.21309512109952
66.56656656656656,-2.198031210794765,59.76973925244705
66.66666666666667,-2.2116820536325035,59.31586537609975
66.76676676676676,-2.2225570426864416,58.8525517732346
66.86686686686687,-2.230179414903861,58.392919856721434
66.96696696696696,-0.23407120020500294,58.27781693290711
67.06706706706707,-0.23375909449727517,58.42263320185354
67.16716716716716,-0.22878040394473964,58.60492571048096
67.26726726726727,-0.2186890007657456,58.734561119339475
67.36736736736736,-0.20306123031001344,58.85082319470729
67.46746746746747,-0.18150170920944253,58.987707975725975
67.56756756756756,-0.15364895500691045,59.132380074112746
67.66766766766767,-0.11918078883717598,59.286805245275225
67.76776776776777,-0.07781945445842336,59.45310015056743
67.86786786786787,-0.029336399194817953,59.633532357289994
67.96796796796797,0.026443334868288038,59.83040698118384
68.06806806806807,0.08963715781742582,60.04592757529619
68.16816816816817,0.16030146160921666,60.28267782445013
68.26826826826827,0.23842867299176462,60.54323711998783
68.36836836836838,0.32394486553085194,60.83015093097107
68.46846846846847,0.41670796168866864,61.14593080418142
68.56856856856858,0.5165065506552247,61.49305436412026
68.66866866866867,0.6230593421181606,61.873965313008576
68.76876876876878,0.7360152704246029,62.291073430787286
68.86886886886887,0.8549542576894691,62.746754575116825
68.96896896896898,0.9793886383931212,63.24335068137761
69.06906906906907,1.1087652419383107,63.783169762669566
69.16916916916918,1.2424681235611654,64.36823705222554
69.26926926926927,1.3798219279631252,64.99956177369964
69.36936936936938,1.5200958641103925,65.68013591967588
69.46946946946947,1.662508263883475,66.40889658013843
69.56956956956958,1.8062316917084942,67.17963217706672
69.66966966966967,1.9503985670112303,67.98098246443462
69.76976976976978,2.09410725635657,68.79634328386368
69.86986986986987,2.236428587512389,69.60180200905037
69.96996996996998,2.3764127334543588,70.38582426812619
70.07007007007007,2.51309641054267,71.15068710608996
70.17017017017018,2.645510331792878,71.90851313230696
70.27027027027027,2.7726868533569817,72.66473342672019
70.37037037037038,0.8936677500616044,73.18332385883778
70.47047047047047,1.0075120541324785,73.42270532815911
70.57057057057058,1.1133038900924588,73.68145312859454
70.67067067067067,1.2101602382617602,73.98085392552416
70.77077077077078,1.297238559324796,74.30872997747436
70.87087087087087,1.3737442130563853,74.66295602956593
70.97097097097098,1.4389376055222152,75.04099249834955
71.07107107107107,1.492141000871734,75.43990087134036
71.17117117117118,1.5327449362153531,75.85645476834226
71.27127127127127,1.5602141810017573,76.28713994144763
71.37137137137138,1.5740931857628793,76.7281542750377
71.47147147147147,1.5740109690432043,77.17540778578204
71.57157157157158,1.5596853957468644,77.62492180698834
71.67167167167167,1.5309268049804046,78.07303825339685
71.77177177177178,1.487640950702633,78.51458436513538
71.87187187187187,1.429831224069473,78.94445707849898
71.97197197197198,1.3576001322350402,79.35773679019303
72.07207207207207,1.2711500144902228,79.74968735733269
72.17217217217218,1.1707829829315364,80.11575609744345
72.27227227227228,1.0569000813069849,80.45157378846069
72.37237237237238,0.9299996622206986,80.75295466873001
72.47247247247248,0.7906749894414834,81.01589643700692
72.57257257257258,0.6396110785947483,81.23658025245717
72.67267267267268,0.47758079596414627,81.41137073465643
72.77277277277278,0.3054402414339983,81.53681596359057
72.87287287287288,0.1241234477131527,81.60964747965544
72.97297297297298,-0.06536356616487984,81.626780283657
73.07307307307308,-0.2619493435112537,81.5853128368113
73.17317317317318,-0.46450409206520077,81.48252706074442
73.27327327327328,-0.6718472859239671,81.31588833749255
73.37337337337338,-0.8827557093831233,81.0704497223828
73.47347347347348,-1.095971880857072,80.6870329835926
73.57357357357358,-1.3102127916673196,80.36501162613246
73.67367367367368,0.47582110835400615,80.23715474765619
73.77377377377378,0.2634367487706917,80.29180587554853
73.87387387387388,0.05393917197219633,80.37288296692529
73.97397397397398,-0.15137776478093756,80.34379245818639
74.07407407407408,-0.3512406451295166,80.25200725888075
74.17417417417418,-0.5444056337924779,80.09836192536348
74.27427427427428,-0.7296674284973574,79.8842608299234
74.37437437437438,-0.9058679523940694,79.61177653644096
74.47447447447448,-1.0719047176599812,79.28775029149007
74.57457457457458,-1.2267387935682281,78.91212655163626
74.67467467467468,-1.3694023154175752,78.48348628458733
74.77477477477478,-1.4990054743871353,78.00489984510136
74.87487487487488,-1.6147429325473261,77.48392697498736
74.97497497497498,-1.7158996119009484,76.93261680310461
75.07507507507508,-1.8018558113981782,76.36750784536333
75.17517517517518,-1.872091611330704,75.809628004724
75.27527527527528,-1.9261905303106253,75.28449457119804
75.37537537537538,-1.9638424061343116,74.81898139828016
75.47547547547548,-1.9848454781644342,74.39878352438656
75.57557557557558,-1.9891076553838731,74.0094508099794
75.67567567567568,-1.976646960924984,73.64489844279794
75.77577577577578,-1.9475911506017438,73.30080466500908
75.87587587587588,-1.9021765097120427,72.97461077320762
75.97597597597598,-1.8407458390759452,72.665521118416
76.07607607607608,-1.763745647875786,72.37450310608456
76.17617617617618,-1.6717225773086963,72.10428719609128
76.27627627627628,-1.565319085297893,71.85936690274205
76.37637637637638,-1.4452684284811421,71.6594792516393
76.47647647647648,-1.312388983354008,71.54322826952463
76.57657657657658,-1.167577953742305,71.48070838018054
76.67667667667668,-1.0118045166702476,71.44156671491778
76.77677677677679,-0.8461024631320404,71.40130367032089
76.87687687687688,-0.6715623942357026,71.34127290824816
76.97697697697699,-2.489323536625264,71.24868135583169
77.07707707707708,-2.300565243983386,71.11658920547738
77.17717717717719,-2.1064982537382786,70.94390991486485
77.27727727727728,-1.9083557698331204,70.73541020694756
77.37737737737739,-1.7073844435473267,70.5017100699527
77.47747747747748,-1.5048353248786626,70.25928275738129
77.57757757757759,-1.3019548568998411,70.03045478800806
77.67767767767768,-1.09997598479832,69.84340594588161
77.77777777777779,-0.9001094499932262,69.73106966082676
77.87787787787788,-0.7035353378243951,69.6898659850763
77.97797797797799,-0.5113949448271521,69.70738190334457
78.07807807807808,-0.32478302858194114,69.78170771557564
78.17817817817819,-0.1447404995747304,69.91082940266554
78.27827827827828,0.027752389537638228,70.09262862646229
78.37837837837839,0.19178230635976934,70.32488272976597
78.47847847847848,0.3465085069017035,70.60526473632854
78.57857857857859,0.4911678687315073,70.93134335085408
78.67867867867868,0.6250792540369428,71.30058295899853
78.77877877877879,0.7476471733789833,71.71034362737001
78.87887887887888,0.8583647270188158,72.15788110352838
78.97897897897899,0.9568158069714792,72.6403468159858
79.07907907907908,1.0426765493209247,73.1547878742061
79.17917917917919,1.1157160327717293,73.69814706860542
79.27927927927928,1.1757962258522152,74.2672628705516
79.37937937937939,1.2228711915690915,74.85886943236478
79.47947947947948,1.2569855645869692,75.46959658731677
79.57957957957959,1.2782723221142593,76.09591822202802
79.67967967967968,1.2869498755652327,76.73092129099491
79.77977977977979,1.2833185156894293,77.3654067789475
79.87987987987988,1.267756249160281,77.98941152782749
79.97997997997999,1.240714069554246,78.59125835701632
80.08008008008008,1.2027107101863068,79.15755606333452
80.18018018018019,1.1543269303566328,79.61934158078726
80.28028028028028,1.0961993901767955,80.08161276996555
80.38038038038039,3.029014172247992,80.7067660045643
80.48048048048048,2.9535000110351315,81.520622296756
80.58058058058059,2.8704212927978654,82.41234038690067
80.68068068068068,2.780570890388025,83.22218074722784
80.78078078078079,2.6847628980900904,83.9931451077867
80.88088088088088,2.5838253319641793,84.735869428018
80.98098098098099,2.478592860847664,85.45382179167089
81.08108108108108,2.369899632288228,86.14724858495924
81.18118118118119,2.25857225622711,86.81456835659671
81.28128128128128,2.145423007243262,87.45498066072295
81.38138138138139,2.0312433036255335,88.06742671342509
81.48148148148148,1.9167975184883845,88.65108413644872
81.58158158158159,1.8028171746123307,89.20536906347232
81.68168168168168,1.6899955707134862,89.72993614010649
81.78178178178179,1.5789828824565189,90.22467852389468
81.88188188188188,1.4703817767718708,90.68972788431252
81.98198198198199,1.364743572958671,91.1254544027684
82.08208208208208,1.2625649787005342,91.53246677260297
82.18218218218219,1.1642854235410685,91.91158752179416
82.28228228228228,1.0702850066100424,92.26361730622965
82.38238238238239,0.9808830695130996,92.58974063033104
82.48248248248248,0.8963373993537517,92.89126171956266
82.58258258258259,0.8168440608949878,93.16950374976476
82.68268268268268,0.7425378509513784,93.42580884715314
82.78278278278279,0.6734933622775394,93.66153808831949
82.88288288288288,0.6097266385430419,93.87807150023107
82.98298298298299,0.5511973965066015,94.07680806023106
83.08308308308308,0.49781178627438194,94.25916569603817
83.18318318318319,0.4494256555946008,94.42658128574699
83.28328328328328,0.4058482795484436,94.58051065782777
83.38338338338339,0.36684651278679176,94.72998632293151
83.48348348348348,0.3321493176724078,94.93235554800026
83.58358358358359,0.30145261834725257,95.09589958143971
83.68368368368368,-1.725575572108225,95.1266528967529
83.78378378378379,-1.7492898066045055,94.97387336642637
83.88388388388388,-1.77006169806095,94.63004226193019
83.98398398398399,-1.788274310783942,94.13086425371775
84.08408408408408,-1.8043165081972365,93.55526741122611
84.18418418418419,-1.8185773160742036,93.00776304008798
84.28428428428428,-1.831440360017668,92.46588766814472
84.38438438438439,-1.84327843497487,91.91436230046263
84.48448448448448,-1.8544482630669892,91.35270783361605
84.58458458458459,-1.865285493975593,90.78044705605294
84.68468468468468,-1.87609999957585,90.19710464809535
84.78478478478479,-1.8871715114677639,89.60220718193888
84.88488488488488,-1.8987456465576524,88.99450150922321
84.98498498498499,-1.9110303619156133,88.36113408690207
85.08508508508508,-1.924192875819893,87.71906209241203
85.18518518518519,-1.9383570872336284,87.09167468391121
85.28528528528528,-1.9536015209877995,86.49623091872397
85.38538538538539,-1.969957820714134,85.94385975334025
85.4854854854855,-1.9874098061290846,85.43956004341621
85.58558558558559,-2.005893105668524,84.98220054377389
85.6856856856857,-2.025295369762091,84.56451990840107
85.78578578578579,-2.0454570642709307,84.17312669045171
85.8858858858859,-2.0661728378459663,83.79018691399031
85.98598598598599,-2.087193451249247,83.40987056571612
86.0860860860861,-2.108228251072276,83.02840920821929
86.18618618618619,-2.1289481648338344,82.64175617777279
86.2862862862863,-2.148989189198163,82.24678407721555
86.38638638638639,-2.1679563380690645,81.84128477595291
86.4864864864865,-2.1854280126358687,81.4239694099562
86.58658658658659,-2.200960751115688,80.99446838176316
86.6866866866867,-2.2140943119931906,80.55333136047749
86.78678678678679,-2.2243570410439366,80.10202728176932
86.8868868868869,-2.231271469370992,79.74217996105082
86.98698698698699,-0.23436008711772582,79.67404991465112
87.0870870870871,-0.233151235467437,79.78398466388369
87.18718718718719,-0.22718505802123434,79.971869362982
87.2872872872873,-0.21601945167847503,80.1690970428447
87.38738738738739,-0.19923595673357308,80.33856861103536
87.4874874874875,-0.17644552606057018,80.4746928517827
87.58758758758759,-0.14729411397932113,80.60338642598049
87.6876876876877,-0.11146802667778799,80.76838688377401
87.78778778778779,-0.06869897789926038,80.95177757417817
87.8878878878879,-0.018768795970406094,81.1501246457789
87.98798798798799,0.03848626887224474,81.36585860880173
88.0880880880881,0.10317168452496563,81.60141534898689
88.18818818818819,0.17533126826404152,81.85923612758901
88.2882882882883,0.25494434877060757,82.1417675813775
88.38838838838839,0.34192349385516263,82.4514586186991
88.4884884884885,0.43611283380393856,82.79067615799227
88.58858858858859,0.5372870049634382,83.16250362907971
88.6886886886887,0.6451507326193552,83.56988451478142
88.78878878878879,0.7593390664543125,84.01518926384753
88.8888888888889,0.8794182759443882,84.50021529095883
88.988988988989,1.004887407025794,85.0261869767262
89.0890890890891,1.135180495285057,85.5937556676912
89.1891891891892,1.2696694248559188,86.20299967632546
89.2892892892893,1.4076674161965053,86.85376719521432
89.3893893893894,1.5484331200247068,87.54449385726953
89.4894894894895,1.6911752889674294,88.25378633838379
89.5895895895896,1.8350579929727875,88.96263059426423
89.6896896896897,1.9792063393059367,89.66032798478356
89.7897897897898,2.122712653035242,90.34449527397926
89.8898898898899,2.2646430693707793,91.02106463005437
89.98998998999,2.4040444850778813,91.69934739757993
90.0900900900901,2.5399518124963985,92.40343370983082
90.1901901901902,2.6713954764843972,93.18488104745953
90.2902902902903,0.797409091906377,93.66426256123462
90.3903903903904,0.9170372571229546,93.85892365955249
90.4904904904905,1.0293433973376538,94.09790980194525
90.5905905905906,1.1334175906283308,94.3771442449755
90.6906906906907,1.2283843090521698,94.68697689927252
90.7907907907908,1.3134100073661898,95.02626170717004
90.8908908908909,1.3877104926539254,95.39213353801928
90.990990990991,1.4505580094868527,95.78219597974986
91.0910910910911,1.50128797716919,96.19314153509474
91.1911911911912,1.5393053180987275,96.62128914371714
91.2912912912913,1.564090319308922,97.06281599209179
91.3913913913914,1.5752039728105394,97.51375751350457
91.4914914914915,1.5722927443967694,97.9700073880529
91.5915915915916,1.5550927250809863,98.42731754264528
91.6916916916917,1.5234331242624315,98.88129815100181
91.7917917917918,1.4772390690197887,99.32741763365362
91.8918918918919,1.4165336795738712,99.76100265794348
91.991991991992,1.341439396886339,100.17723813802517
92.0920920920921,1.2521785445236486,100.57151549029234
92.1921921921922,1.1490731132617737,100.93956744068467
92.2922922922923,1.0325437633788614,101.27671595307652
92.3923923923924,0.9031080461314632,101.57852481879456
92.4924924924925,0.7613778524693425,101.840816527349
92.5925925925926,0.6080561035671206,102.05967226643315
92.6926926926927,0.44393270417290887,102.23143192192377
92.7927927927928,0.26987978604455515,102.35269407788084
92.8928928928929,0.08684627480636059,102.42031601654772
92.992992992993,-0.10414818064029771,102.431413718351
93.0930930930931,-0.30201987153025595,102.38336186190062
93.1931931931932,-0.5056282357182142,102.27379382398986
93.2932932932933,-0.7137835527580964,102.1006016795952
93.3933933933934,-0.9252550688210686,101.86193620187656
93.4934934934935,-1.1387794889057403,101.55620686217702
93.5935935935936,-1.3530697705146628,101.28324185918139
93.6936936936937,0.43317584975554957,101.296398949879
93.7937937937938,0.2212646674212202,101.42484894162062
93.8938938938939,0.01250023139259393,101.52703964644633
93.993993993994,-0.19182695143296657,101.52986846414011
94.0940940940941,-0.39044865468260026,101.42868238222994
94.1941941941942,-0.5821280408114238,101.27259496867266
94.2942942942943,-0.7656685667770085,101.06115499831101
94.3943943943944,-0.9399226161608231,100.79222533471194
94.4944944944945,-1.1037997889121693,100.46799621488071
94.5945945945946,-1.2562747825671698,100.09094188911149
94.6946946946947,-1.396394802032326,99.66382062098704
94.7947947947948,-1.5232864387897869,99.1843161993588
94.8948948948949,-1.6361619646483903,98.6382071364159
94.994994994995,-1.7343249898942417,98.05238007852384
95.0950950950951,-1.817175440848425,97.45449490315448
95.1951951951952,-1.8842138173702359,96.86703198046635
95.2952952952953,-1.9350446967097361,96.30729217330403
95.3953953953954,-1.9693794562581093,95.78739683719883
95.4954954954955,-1.9870381941205784,95.31428782036807
95.5955955955956,-1.9879508329866153,94.88972746371577
95.6956956956957,-1.9721573994417803,94.51029860083204
95.7957957957958,-1.9398074775971925,94.16740455799363
95.8958958958959,-1.8911588426487531,93.84726915416343
95.995995995996,-1.8265752866617757,93.53600576833156
96.0960960960961,-1.7465236554496526,93.24793105636103
96.1961961961962,-1.6515701218233954,92.98777103732853
96.2962962962963,-1.5423757266748006,92.75764963354189
96.3963963963964,-1.4196912252707883,92.56033620667377
96.4964964964965,-1.284351281725763,92.39923409129791
96.5965965965966,-1.1372680598391984,92.27807106555645
96.6966966966967,-0.9794242632896788,92.20045913874931
96.7967967967968,-0.811865682526155,92.16986588237087
96.8968968968969,-0.6356933095537025,92.14892875290727
96.996996996997,-2.452055085145621,91.78415137842306
97.0970970970971,-2.2621373457923286,91.2674766485803
97.1971971971972,-2.0671560399076343,90.80494164276074
97.2972972972973,-1.868347784423655,90.43603729858826
97.3973973973974,-1.6669608339177988,90.11350995867873
97.4974974974975,-1.4642460348104476,89.8476095871335
97.5975975975976,-1.2614478369551003,89.63926694014037
97.6976976976977,-1.0597954341139815,89.4890026511198
97.7977977977978,-0.860494103381735,89.39692723072523
97.8978978978979,-0.664716811598753,89.36284196993931
97.997997997998,-0.4735961542088739,89.38621886525146
98.0980980980981,-0.28821668887829355,89.46573580723768
98.1981981981982,-0.10960772254320242,89.59982773218162
98.2982982982983,0.06126339358471283,89.78672460356984
98.3983983983984,0.22349741110784238,90.02445141209162
98.4984984984985,0.37626872866964506,90.31082817563923
98.5985985985986,0.5188302937123086,90.64346993930758
98.6986986986987,0.6505178278221275,91.01978677539459
98.7987987987988,0.7707533476481687,91.43698378340083
98.8988988988989,0.8790479595198514,91.89206109002991
98.998998998999,0.9750039121840501,92.381813849188
99.0990990990991,1.0583158984833885,92.90276098053533
99.1991991991992,1.1287716032393842,93.45115856250506
99.2992992992993,1.1862515010391106,94.02480463272909
99.3993993993994,1.2307279139909717,94.62084753747608
99.4994994994995,1.2622633457589654,95.23531695658062
99.5995995995996,1.2810081142539822,95.86312390344258
99.6996996996997,1.2871973111999095,96.49806072502784
99.7997997997998,1.2811471223516377,97.13280110186751
99.8998998998999,1.263250547376239,97.75890004805868
100.0,1.2339725632686551,98.36679391126371
